{
  "luis_schema_version": "4.0.0",
  "intents": [
    {
      "name": "q_Chitchat"
    },
    {
      "name": "q_Faq"
    }
  ],
  "entities": [],
  "composites": [],
  "closedLists": [],
  "prebuiltEntities": [],
  "utterances": [],
  "versionId": "Dispatch",
  "name": "MyVABoten-us_Dispatch",
  "desc": "Dispatch model for MyVABoten-us_Dispatch",
  "culture": "en-us",
  "tokenizerVersion": "1.0.0",
  "patternAnyEntities": [],
  "regex_entities": [],
  "model_features": [],
  "regex_features": [],
  "patterns": [],
  "settings": [
    {
      "name": "NormalizeDiacritics",
      "value": "true"
    }
  ]
}