{
  "cognitiveModels": {
    "en-us": {
      "dispatchModel": {
        "authoringkey": "c7e50ca1046f41219582fab08eabbc7d",
        "name": "MyVABoten-us_Dispatch",
        "type": "dispatch",
        "version": "Dispatch",
        "region": "centralus",
        "appid": "d456562c-6a74-4e8e-bd3e-8ef3cdd9dd54",
        "subscriptionkey": "b87cf7c2d31a42caa28b7a4f46421f6c",
        "authoringRegion": "westus"
      },
      "languageModels": [],
      "knowledgebases": [
        {
          "id": "Chitchat",
          "subscriptionKey": "307f141c0ec3478ea87abad66f14a835",
          "name": "Chitchat",
          "kbId": "9f727965-3c0d-45f1-93e7-7dc403073d4b",
          "endpointKey": "977bd870-7a16-48ca-bbd0-356c0f338b6f",
          "hostname": "https://myvabot-qnahost-gkwlsja.azurewebsites.net"
        },
        {
          "id": "Faq",
          "subscriptionKey": "307f141c0ec3478ea87abad66f14a835",
          "name": "Faq",
          "kbId": "66262ce3-9107-45f6-807a-390245389875",
          "endpointKey": "977bd870-7a16-48ca-bbd0-356c0f338b6f",
          "hostname": "https://myvabot-qnahost-gkwlsja.azurewebsites.net"
        }
      ]
    }
  },
  "defaultLocale": "en-us"
}
