{
  "urls": [],
  "qnaList": [
    {
      "id": 0,
      "answer": "Please note that you may be responsible to ensure a successful Data@Cloud process\r\nassessment for the approved alternatives, if it is not a solution hosted in the EDC.\r\n\r\nIf you have any questions or comments, please contact us at cyber.security@daimler.com\r\n\r\nThe cloud services listed below are not approved for use within the Daimler Group.\r\n    - EventApp \r\n    - Interaction with feedback and survey tools  \r\n    - MS/MDX\r\n    - Communication Tool \r\n    - Merge PDF\r\n    - Bring your presentation to life\r\n    - Project management tool \r\n\r\n[More Info](https://social.intra.corpintra.net/login.jspa?referer=%252Fdocs%252FDOC-131727)",
      "source": "custom editorial",
      "questions": [
        "What are the list of approved Cloud Services"
      ],
      "metadata": []
    },
    {
      "id": 0,
      "answer": "'\r\nPlease check the available [CRP Fast Tracks](https://team.sp.wp.corpintra.net/sites/00441/GIS/CRP/SitePages/Fast%20Tracks.aspx)",
      "source": "custom editorial",
      "questions": [
        "Which Fast Tracks are currently available for the CRP"
      ],
      "metadata": []
    },
    {
      "id": 0,
      "answer": "Please check the [Cloud Risk Process](http://crp.rd.corpintra.net/en/)",
      "source": "custom editorial",
      "questions": [
        "What is Cloud Risk Process"
      ],
      "metadata": []
    },
    {
      "id": 0,
      "answer": "Data@Cloud is a form of public cloud\r\n    - Do I have a cloud service (vs. IT outsourcing)\r\n    - Do I need to go through the Data@Cloud process?\r\n    - Conduct my mandatory training: Must attend training modules!\r\n    - Start early with your IT-Risk Assessment and its prerequisite, your information classification (-> Find responsible ISA)\r\n\r\n    * Get the necessary documents ready. Your Multiplier will help you. Describe Cloud Service and affected Daimler Data properly by\r\n     * Detailed Project/Service Description/Contact Scenario\r\n     * Information Classification\r\n     * Data Flow Diagram\r\n     * IT-Architecture\r\n\r\n    - Do I have a cloud contract or purchase order 'ready for signing'(->contact Daimler Hybrid Cloud Department for contracts with Strategic Cloud providers and for other contracts your local IPS)?\r\n    - Do I process Personal Data in my Cloud Service? If yes, Data Processing on Behalf Agreement (DPA) is necessary!\r\n    - I am aware: I cannot use cloud services with data centers of cloud providers in the following blacklist countries:\r\n     * Cuba, Iran, North Korea, Sudan, Syria, Crimea Region/Sevastopol\r\n    - Plan & Accept costs: EUR 1.250 for US-Risk + opt. costs for contract negotiation support",
      "source": "custom editorial",
      "questions": [
        "How to prepare Data@Cloud"
      ],
      "metadata": []
    },
    {
      "id": 0,
      "answer": "Data @ Cloud is a form of public cloud\r\n* Private Cloud: Physical separation from other cloud customers is ensured\r\n* Public Cloud: Physical separation from other cloud customers is not ensured",
      "source": "custom editorial",
      "questions": [
        "What is Data@Cloud"
      ],
      "metadata": []
    },
    {
      "id": 0,
      "answer": "EPA performed in 2018 does not replace EPA in 2019 as we want to have any Internet-facing / Critical application tested at least once a year. \r\nIn 2019 all applications that are directly reachable from the Internet (\"Internet-facing\") and all Daimler-critical applications have to be checked this way by our strategic partner Synopsis.",
      "source": "custom editorial",
      "questions": [
        "Is EPA mandantory for my application"
      ],
      "metadata": []
    },
    {
      "id": 0,
      "answer": "Please login EPA request (EPA portal- sharepoint)\r\n\r\n1) Select supplier (Deloitte, Syss and TSS)\r\n2) Click new item \r\n3) Filling the form with your application, application type, estimated test effort , possible timeframe and comment\r\n4) Click \r\nDone! Our team will proceed the request and come back to you when there's any outputs. \r\n\r\nIn the meanwhile, please read the [EPA guide](https://team.sp.wp.corpintra.net/sites/00298/isi/Documents/20180625_HowTo_EPA-Assignment_ISO_EN.pdf) to know more about EPA.",
      "source": "custom editorial",
      "questions": [
        "How to order an EPA"
      ],
      "metadata": []
    },
    {
      "id": 0,
      "answer": "Please login EPA request(EPA portal- sharepoint) to order EPA\r\n\r\n1) Select supplier (Deloitte, Syss and TSS)\r\n2) click new item\r\n3) filling the form with your application, application type, estimated test effort , possible timeframe and comment\r\n4) Click \r\nDone! Our team will proceed the request and come back to you when there's any outputs. \r\n\r\nIn the meanwhile, please read the [EPA guide](https://team.sp.wp.corpintra.net/sites/00298/isi/Documents/20180625_HowTo_EPA-Assignment_ISO_EN.pdf) to know more about EPA.",
      "source": "custom editorial",
      "questions": [
        "Where to order an EPA"
      ],
      "metadata": []
    },
    {
      "id": 0,
      "answer": "Please check your [Website Rating](https://www.ssllabs.com/ssltest/)\r\n\r\nIn order to get an 'A' SSL rating, you must configure the following components\r\n    - Certificates(Details)\r\n    - Protocols(Details)\r\n    - Key Exchange(Details)\r\n    - Cipher Suites(Details)\r\n    - TLS specific configurations(Details)\r\n    - Web server configurations(if you want to reach A+)",
      "source": "custom editorial",
      "questions": [
        "How to get an A rating on SSL Labs"
      ],
      "metadata": []
    },
    {
      "id": 0,
      "answer": "Please check your Website Rating [here](https://www.ssllabs.com/ssltest/)",
      "source": "custom editorial",
      "questions": [
        "Where to test my SSL labs rating updates"
      ],
      "metadata": []
    },
    {
      "id": 0,
      "answer": "Cyber Security Goals, 2020\r\n\r\nApproved by Cyber Security Steering Committe(CSSC) on November 18th, 2019\r\n* Secure Customer data\r\n* Make security a selling point \r\n* Ensure continuous production \r\n* Enable the business \r\n\r\nMore Information\r\n[Cyber Security Goal 2019](https://social.intra.corpintra.net/docs/DOC-133037)\r\n[Cyber Security Goal 2020](https://social.intra.corpintra.net/docs/DOC-258764)",
      "source": "custom editorial",
      "questions": [
        "What are the Daimler Global Cyber Security Goals 2020"
      ],
      "metadata": []
    },
    {
      "id": 0,
      "answer": "You're querying [general goals of 2020](https://social.intra.corpintra.net/docs/DOC-133037)\r\n* GEN1 - Transparency on systems & applications\r\n* GEN2 - SSL Scan rating\r\n* GEN3 - Execution of SCAS\r\n* GEN4 - Execution of EPA (Penetration Testing)\r\n* GEN5 - Vulnerability scanning for non-OT devices\r\n* GEN6 - Remediation of security problem tickets\r\n* GEN7 - Risk Exception Handling\r\n* GEN8 – Incident ticket handling\r\n* GEN9 – Valid information classification",
      "source": "custom editorial",
      "questions": [
        "What are Daimler Cyber Security General Goals 2020"
      ],
      "metadata": []
    },
    {
      "id": 0,
      "answer": "You're querying [SAP goals of 2020](https://social.intra.corpintra.net/docs/DOC-258764)\r\n* SAP Goal #1: Focused Run (FRUN)\r\n* SAP Goal #2: Security of SAP Custom Code\r\n* SAP Goal #3: Implementation of SAP Hardening Guides",
      "source": "custom editorial",
      "questions": [
        "What are Daimler Cyber Security SAP Goals 2020"
      ],
      "metadata": []
    },
    {
      "id": 0,
      "answer": "You're querying [IAM goals of 2020](https://social.intra.corpintra.net/docs/DOC-258764)",
      "source": "custom editorial",
      "questions": [
        "What are Daimler Cyber Security IAM Goals 2020"
      ],
      "metadata": []
    },
    {
      "id": 0,
      "answer": "The approved cryptographic algorithms are:\r\n\r\n * AES 256\r\n * AES 128\r\n\r\nMake sure the servers key exchange parameters are at least 2048 bit in length \r\nRSA is discouraged for key exchange and DH(Diffie-Hellman) should be used instead. The default DH params of current webservers are often too small. Also when using preinstalled HD parameters one cannot  be sure if they are already compromised. They should be newly generated and used only on a single machine.\r\n\r\nTo generated new DH params with at least 2048 bits length and enable your webserver to use them\r\n* openssl dhparam -out dhparam.perm 2048\r\n\r\n[More information](https://team.sp.wp.corpintra.net/sites/00441/GIS/DIS-F/Documents/Cryptographic_Algorithms_and_Key_Length_Overview_02.pdf)",
      "source": "custom editorial",
      "questions": [
        "What are the approved Cryptographic Algorithms and Key length"
      ],
      "metadata": []
    },
    {
      "id": 0,
      "answer": "Information Security Policy defines the goals and key principals of information security, along with primary roles and responsibility.\r\n\r\nThe principles laid out in the corporate information security provide the foundataion for:\r\n- Organization corporate infromation security\r\n- Providing a goverance structure to manage information security risks\r\n- setting up a regulations framework and establishing information security processes\r\n- monitoring and evaluating the performance of controls\r\n\r\nThe policy applies to all companies and employees of the Daimler group worldwide\r\n\r\n[More Information](https://team.sp.wp.corpintra.net/sites/00441/GIS/DIS-F/SitePages/DaimlerHome.aspx)",
      "source": "custom editorial",
      "questions": [
        "Where can I find the Daimler Information Security Policy"
      ],
      "metadata": []
    },
    {
      "id": 0,
      "answer": "All active Risk Acknowledgement Agreements(RAAs) and all Extensions contained in the Notes DB are being migrated. \r\n\r\nThe new Risk Management Process in AGP will handle risks, remediation plans and exceptions(incl. their extensions) in different applications. \r\n\r\n* Manage Risk\r\n * Submitter:  the person who identified the risk\r\n * Processor: the person who is responsible for the risk and maintaining it in the AGP\r\n * Owner: the person who is accountable for the risk\r\n * Central: an  administrative committee which is responsible for housekeeping actions\r\n\r\n* Remediation plan\r\n * Submitter: the individual that creates the remediation plan to respond to one or more findings. He is responsible for selecting a remediation plan owner and manager\r\n * Owner: responsible for ensuring that the plan is properly defined and executed with sufficient funds, management attention and resources\r\n * Reviewer: responsible for reviewing the remediation plan and deciding if the remediation was successful or if further actions are required",
      "source": "custom editorial",
      "questions": [
        "What is the RAA process"
      ],
      "metadata": []
    },
    {
      "id": 0,
      "answer": "The new Risk Management Process in AGP will handle risk remediationg plan in different applications. \r\n\r\nApplication roles in Remediation plan\r\n* Submitter: the individual that creates the remediation plan to respond to one or more findings. Moreover, he is responsible for selecting a remediation plan owner and manager\r\n* Owner:  the individual that reveiws the exception or extension request\r\n* Reviewer: responsible for viewing the remediation plan and deciding if the remediation was successful or if further actions are required\r\n\r\n[More Information](https://social.intra.corpintra.net/docs/DOC-247003)",
      "source": "custom editorial",
      "questions": [
        "What is the process to raise an remediation plan request"
      ],
      "metadata": []
    },
    {
      "id": 0,
      "answer": "* Please visit [here](https://agp.es.corpintra.net/RSAarcher/apps/ArcherApp/Home.aspx) and check if you can access the AGP portal \r\n\r\n* If you don't have access and want to apply\r\n   * Please [login GIAG](https://iag.es.corpintra.net/aveksa/main) to apply\r\n   * After you're directed to the main page\r\n\r\n    1 Click 'Manage access' link in the main page\r\n    2 Click 'Manage access button'\r\n    3 Expand section and select 'Archer and Goverance Platform'\r\n    4 Check on Roles（ISO and ISO Deputy choose “Information Security Officer” or “Information Security Officer Deputy”, for SPOC choose “IS Risk Analyst”)\r\n    5 Click 'Finish'\r\n\r\n Done! Our team will proceed the request and come back to you when there're any outputs.",
      "source": "custom editorial",
      "questions": [
        "How do I check if I have access to AGP"
      ],
      "metadata": []
    },
    {
      "id": 0,
      "answer": "Please login [GIAG](https://iag.es.corpintra.net/aveksa/main) to apply\r\n* After you're directed to the main page\r\n\r\n 1 Click 'Manage access' link in the main page\r\n 2 Click 'Manage access button'\r\n 3 Expand section and select 'Archer and Goverance Platform'\r\n 4 Check on Roles（ISO and ISO Deputy choose “Information Security Officer” or “Information Security Officer Deputy”, for SPOC choose “IS Risk Analyst”)\r\n 5 Click 'Finish'\r\n\r\nDone! Our team will proceed the request and come back to you when there're any outputs.",
      "source": "custom editorial",
      "questions": [
        "Where I can apply AGP access"
      ],
      "metadata": []
    },
    {
      "id": 0,
      "answer": "The risk must be documented in the Archer Governance Platform (AGP) within the following timeframe (L4 Remediation Timeline + 60 Days).\r\n\r\nRatings:\r\n\r\n * Critical: 14+60 Days\r\n * High: 30+60 Days\r\n * Medium: 180+60 Days\r\n * Low: 360+60 Days\r\n\r\n[Go to AGP](https://team.sp.wp.corpintra.net/sites/00441/GIS/DIS-F/Documents/L4_S12_D4_DSI02_Remediation%20timeline%20for%20vulnerabilities.pdf#search=remediation)\r\n[More Information](https://social.intra.corpintra.net/docs/DOC-247028)",
      "source": "custom editorial",
      "questions": [
        "When do I need to document the risk"
      ],
      "metadata": []
    },
    {
      "id": 0,
      "answer": "As announced in ISO Newsletter #2/2018 (June 2018), starting end of July 2018 all new information security risks have to be documented in the centrally provided solution, Archer. Detailed information towards obtaining access to AGP, training material and end user support is provided below.\r\n\r\nAccess to AGP:\r\n* Link to AGP-platform: [https://agp.es.corpintra.net/RSAarcher](https://agp.es.corpintra.net/RSAarcher)\r\n * Username: your WiW account name\r\n * Password: the WiW Password \r\nIf you don’t have an AGP account yet - please go to GIAG and request it.",
      "source": "custom editorial",
      "questions": [
        "Where should I document my risk?"
      ],
      "metadata": []
    },
    {
      "id": 0,
      "answer": "Information Classification Assessment solution provides the user with the ability to identify and classify their assets, applications and other processes which are important from core Business perspective.\r\n* Conduct IC Assessment - Responsibilities and Tasks\r\n * Editor: the person who assesses the asset in the context of the IC. This person documents the result of the questionnaire in the AGP . Assosicated business role: all predefined Daimler business roles(e.g. BISO, CISO,GIS, ISA) including Deputy and staff, except operations\r\n * Information Owner: the person who is responsible for quality assurance of the IC. This person approves or rejects the assessment results. Associated business roles: information owner\r\n\r\n[Go to AGP](https://team.sp.wp.corpintra.net/sites/01363/AGP/Assessment/ICA/SitePages/DaimlerHome.aspx)\r\n[More Information](https://social.intra.corpintra.net/docs/DOC-122133)",
      "source": "custom editorial",
      "questions": [
        "What is the Information Classification process"
      ],
      "metadata": []
    },
    {
      "id": 0,
      "answer": "Information Classification (IC) \r\n\r\nTo ensure the safe and secure handling of information, Daimler has standardized the classification of information into one of the following four classifications for confidentiality:\r\n * Secret information is the most confidential Daimler information. Distribution of secret information must be restricted to a very small group of identified people\r\n * Confidential information is the second highest level of information Classification. Distribution of confidential information must be restricted to a small group of people\r\n * Internal information is the most common classification at Daimler. Distribution of internal information is normally allowed to be shared with larger groups of people\r\n * Public information is not confidential and is intended for general use inside and outside of Daimler\r\nAdditionally, Daimler classifies information into availability and integrity\r\n\r\n[Informational Classification Assessment](https://team.sp.wp.corpintra.net/sites/01363/AGP/Assessment/ICA/SitePages/DaimlerHome.aspx)\r\n[More Information](https://social.intra.corpintra.net/docs/DOC-122133)",
      "source": "custom editorial",
      "questions": [
        "What is the Information Classification"
      ],
      "metadata": []
    },
    {
      "id": 0,
      "answer": "SCAS is Source Code Assessment System\r\nPlease log a [SCAS request](https://team.sp.wp.corpintra.net/sites/00298/isi/SCAS/Lists/SCASRequest/AllItems.aspx) to order        \r\n\r\n 1 Click new item(under SCAS Request)\r\n 2 Fill the form with your application \r\n 3 Fill the form with your organization information\r\n 4 Upload your code and your contact details \r\n 5 Describe your project and confidentility\r\n 6 Click 'Save and Submit to SCAS Provider'\r\n\r\nDone! SCAS Provider will proceed the request and come back to you when there're any outputs.",
      "source": "custom editorial",
      "questions": [
        "How to order a SCAS"
      ],
      "metadata": []
    },
    {
      "id": 0,
      "answer": "SCAS is Source Code Assessment System\r\nPlease login to [SCAS request](https://team.sp.wp.corpintra.net/sites/00298/isi/SCAS/Lists/SCASRequest/AllItems.aspx) to order                     \r\n \r\n 1 Click new item(under SCAS Request)\r\n 2 Fill the form with your application \r\n 3 Fill the form with your organization information\r\n 4 Upload your code and your contact details \r\n 5 Describe your project and confidentility\r\n 6 Click 'Save and Submit to SCAS Provider' \r\n\r\nDone! SCAS Provider will proceed the request and come back to you when there're any outputs.",
      "source": "custom editorial",
      "questions": [
        "Where to order a SCAS"
      ],
      "metadata": []
    },
    {
      "id": 0,
      "answer": "In order to order a Security Profile, you need to  find an accredited ISA for your project/System, they will assist you to order\r\n* First Option: Internal ISA \r\n 1 Search for ’ISAs‘ or 'Principal ISA'(if no 'ISAs' found) in your department RoleDatabase, look for 'Information Security Architect‘\r\n 2 Reach out to them for assistance\r\n* Second Option: External ISA\r\n 1 You can directly contact External ISA for assistance. Highly recommend you contact the external supplier 6-8 weeks in advance due to high utilization. Click [here](https://team.sp.wp.corpintra.net/sites/00298/isa/Pages/ISA_Source.aspx) to fetch the list",
      "source": "custom editorial",
      "questions": [
        "How to order a Security Profile"
      ],
      "metadata": []
    },
    {
      "id": 0,
      "answer": "In order to order a Security Profile, you need to  find an accredited ISA for your project/System, they will assist you to order\r\n* First Option: Internal ISA \r\n 1  Search for ’ISAs‘ or 'Principal ISA'(if no 'ISAs' found) in your department RoleDatabase, looking for 'Information Security Architect‘\r\n 2  Reach out to them for assistance  \r\n* Second Option: External ISA\r\n 1 You can directly contact External ISA for assistance. Highly recommend you contact the external supplier 6-8 weeks in advance due to high utilization. Click [here](https://team.sp.wp.corpintra.net/sites/00298/isa/Pages/ISA_Source.aspx) to fetch the list",
      "source": "custom editorial",
      "questions": [
        "Where to find the accredited ISA"
      ],
      "metadata": []
    },
    {
      "id": 0,
      "answer": "You are enquiring where to download vulnerability report. [Here](http://reportapps.adc.corpintra.net/itiOSQualysReports/VulnerabilityStatusLocationWise.aspxHe) it is.\r\nPlease login the site and download correspondingly\r\n[http://reportapps.adc.corpintra.net/itiOSQualysReports/VulnerabilityStatusLocationWise.aspxHe](http://reportapps.adc.corpintra.net/itiOSQualysReports/VulnerabilityStatusLocationWise.aspxHe)",
      "source": "custom editorial",
      "questions": [
        "Where can I download the latest Vulnerability Report"
      ],
      "metadata": []
    }
  ],
  "files": [],
  "name": ""
}